Name,Age,Tm,Pos,Season,G,Int,PD,FF,Sk,Comb,Solo,Ast,TFL,QBHits,DefFS,Value,Rush,Coverage,Tackle
Zaire Franklin,27,IND,LB,2023,5,0,2,1,1.5,69,43,26,2,2,2.09,0.13,0.3166061268634826,-0.09139578310773423,4.289488304428639
Quincy Williams,27,NYJ,LB,2023,5,0,4,1,2,48,38,10,5,4,2.14,0.14,1.3225935050156217,0.5618209865663065,2.780131534776004
Foyesade Oluokun,28,JAX,LB,2023,5,0,1,0,0,53,35,18,3,2,1.35,0.09,0.051872606297130225,-0.41800416794475465,2.896235901672361
Camryn Bynum,25,MIN,S,2023,5,0,2,1,0,51,32,19,2,0,1.19,0.08,-0.37170102660903365,-0.09139578310773423,2.6059749844314695
Jevon Holland,23,MIA,S,2023,5,0,3,2,0,43,31,12,2,0,1.1,0.07,-0.37170102660903365,0.2352126017292861,2.0835053333978646
T.J. Edwards,27,CHI,LB,2023,5,0,0,0,1,62,30,32,2,2,1.35,0.09,0.15776601452367114,-0.7446125527817751,3.1284446354650735
Ernest Jones,24,LAR,LB,2023,5,0,1,0,1,53,30,23,8,0,1.69,0.11,1.2167000967890806,-0.41800416794475465,2.6059749844314695
Minkah Fitzpatrick,27,PIT,S,2023,5,0,2,0,0,41,29,12,0,0,0.65,0.04,-0.7952746595151975,-0.09139578310773423,1.8512965996051511
Fred Warner,27,SFO,LB,2023,5,1,3,1,2,41,29,12,3,2,1.82,0.12,0.6872330556563758,1.2150377562403472,1.8512965996051511
Kwon Alexander,29,PIT,LB,2023,5,0,0,0,1,34,27,7,5,2,0.85,0.05,0.7931264638829169,-0.7446125527817751,1.3288269485715463
Cody Barton,27,WAS,LB,2023,5,0,0,0,0,45,27,18,0,2,0.49,0.03,-0.5834878430621155,-0.7446125527817751,1.967400966501508
Julian Blackmon,25,IND,S,2023,5,1,1,0,0,41,27,14,1,0,1,0.06,-0.5834878430621155,0.5618209865663065,1.7351922327087945
Kamren Curl,24,WAS,S,2023,5,0,1,0,1,44,27,17,3,1,1.02,0.06,0.2636594227502121,-0.41800416794475465,1.9093487830533293
Tremaine Edmunds,25,CHI,LB,2023,5,0,0,0,0,48,27,21,3,0,0.78,0.05,-0.15991421015595175,-0.7446125527817751,2.1415575168460426
Dre Greenlaw,26,SFO,LB,2023,5,0,2,0,1,37,27,10,3,2,1.03,0.07,0.3695528309767531,-0.09139578310773423,1.5029834989160817
Jerry Jacobs,26,DET,CB,2023,5,3,5,0,0,29,27,2,0,0,1.94,0.12,-0.7952746595151975,3.82790483493651,1.0385660313306548
Julian Love,25,SEA,S,2023,4,0,3,0,0,37,27,10,1,0,1.29,0.07,-0.5305411389488451,0.4801688903570514,2.431818434086934
C.J. Mosley,31,NYJ,LB,2023,5,1,3,0,0,50,27,23,3,1,1.69,0.11,-0.05402080192941083,1.2150377562403472,2.2576618837423994
Roquan Smith,26,BAL,LB,2023,5,0,4,0,1.5,54,27,27,3,3,1.79,0.11,0.6342863515431055,0.5618209865663065,2.4898706175351126
Bobby Wagner,33,SEA,LB,2023,4,0,0,0,2,50,27,23,3,2,1.8,0.09,1.0578599844492693,-0.7446125527817751,3.3751664151198315
Kyzir White,27,ARI,LB,2023,5,1,1,0,1,48,27,21,4,1,1.6,0.1,0.47544623920329393,0.5618209865663065,2.1415575168460426
Kei'Trel Clark,22,ARI,CB,2023,5,0,4,0,0,28,25,3,1,0,0.6,0.04,-0.5834878430621155,0.5618209865663065,0.8644094809861201
Jordan Hicks,31,MIN,LB,2023,5,0,1,1,0,43,25,18,1,0,0.54,0.03,-0.5834878430621155,-0.41800416794475465,1.7351922327087945
Daxton Hill,23,CIN,S,2023,5,2,3,0,1.5,37,25,12,4,2,2.02,0.13,0.7401797597696463,2.1948629107514086,1.386879132019725
Deommodore Lenoir,24,SFO,DB,2023,5,1,2,0,0,33,25,8,0,0,0.79,0.05,-0.7952746595151975,0.8884293714033269,1.1546703982270117
Damarri Mathis,24,DEN,CB,2023,5,0,0,0,0,30,25,5,2,0,0.08,0.01,-0.37170102660903365,-0.7446125527817751,0.9805138478824769
Bobby Okereke,27,NYG,LB,2023,5,1,3,1,0,42,25,17,3,1,1.47,0.09,-0.05402080192941083,1.2150377562403472,1.6771400492606163
Alex Anzalone,29,DET,LB,2023,5,0,2,0,1,35,24,11,1,4,0.8,0.05,0.15776601452367114,-0.09139578310773423,1.21272258167519
Myles Bryant,25,NWE,DB,2023,5,0,2,2,1,31,24,7,3,1,0.74,0.05,0.2636594227502121,-0.09139578310773423,0.9805138478824769
Michael Davis,28,LAC,CB,2023,4,0,3,0,0,25,24,1,1,0,0.81,0.04,-0.5305411389488451,0.4801688903570514,1.343339994433591
Jack Gibbens,25,TEN,LB,2023,5,0,1,0,0,40,24,16,1,1,0.48,0.03,-0.4775944348355746,-0.41800416794475465,1.5029834989160817
Germaine Pratt,27,CIN,LB,2023,5,1,1,1,1,39,24,15,4,1,1.33,0.08,0.47544623920329393,0.5618209865663065,1.444931315467903
Harrison Smith,34,MIN,S,2023,5,0,0,2,3,38,24,14,2,4,0.97,0.06,1.0049132803359988,-0.7446125527817751,1.386879132019725
Reed Blankenship,24,PHI,S,2023,4,1,6,0,0,34,23,11,1,0,2.02,0.1,-0.5305411389488451,2.9297317766347044,1.9238618289153742
Kaden Elliss,28,ATL,LB,2023,5,0,0,0,1,35,23,12,2,2,0.46,0.03,0.15776601452367114,-0.7446125527817751,1.1546703982270117
Rayshawn Jenkins,29,JAX,S,2023,5,0,3,0,0,26,23,3,3,0,0.53,0.03,-0.15991421015595175,0.2352126017292861,0.6322007471934072
Alex Singleton,30,DEN,LB,2023,5,0,1,0,0,44,23,21,1,1,0.57,0.04,-0.4775944348355746,-0.41800416794475465,1.6771400492606163
Brandon Stephens,26,BAL,DB,2023,5,1,4,0,0,34,23,11,0,0,1.06,0.07,-0.7952746595151975,1.5416461410773674,1.0966182147788335
K'Von Wallace,26,ARI,S,2023,5,1,4,0,0,40,23,17,1,0,1.29,0.08,-0.5834878430621155,1.5416461410773674,1.444931315467903
Logan Wilson,27,CIN,LB,2023,5,2,3,0,0,35,23,12,2,0,1.52,0.1,-0.37170102660903365,2.1948629107514086,1.1546703982270117
Marco Wilson,24,ARI,CB,2023,5,0,3,0,0,29,23,6,0,0,0.29,0.02,-0.7952746595151975,0.2352126017292861,0.806357297537942
Azeez Al-Shaair,26,TEN,LB,2023,5,0,2,0,1,47,22,25,3,3,1.2,0.08,0.47544623920329393,-0.09139578310773423,1.7932444161569732
Jessie Bates III,26,ATL,S,2023,5,3,4,2,0,35,22,13,1,1,1.95,0.12,-0.4775944348355746,3.50129645009949,1.0966182147788335
Terrel Bernard,24,BUF,LB,2023,5,2,2,0,2,45,22,23,2,2,1.92,0.12,0.47544623920329393,1.8682545259143881,1.6771400492606163
Kevin Byard,30,TEN,S,2023,5,0,0,0,0,37,22,15,0,0,-0.03,-0,-0.7952746595151975,-0.7446125527817751,1.21272258167519
Kyle Dugger,27,NWE,DB,2023,5,0,2,0,0,36,22,14,3,1,0.68,0.04,-0.05402080192941083,-0.09139578310773423,1.1546703982270117
Cole Holcomb,27,PIT,LB,2023,5,0,2,2,0,34,22,12,3,1,0.62,0.04,-0.05402080192941083,-0.09139578310773423,1.0385660313306548
Kareem Jackson,35,DEN,S,2023,5,2,2,0,0,32,22,10,0,0,1.12,0.07,-0.7952746595151975,1.8682545259143881,0.9224616644342988
Xavier McKinney,24,NYG,S,2023,5,0,4,1,0,29,22,7,0,0,0.43,0.03,-0.7952746595151975,0.5618209865663065,0.7483051140897634
Josh Metellus,25,MIN,S,2023,5,0,2,0,0,34,22,12,1,2,0.46,0.03,-0.37170102660903365,-0.09139578310773423,1.0385660313306548
Kenny Moore,28,IND,CB,2023,5,1,3,0,0,30,22,8,1,0,0.88,0.06,-0.5834878430621155,1.2150377562403472,0.806357297537942
Jason Pinnock,24,NYG,S,2023,5,1,1,1,0,30,22,8,3,1,0.82,0.05,-0.05402080192941083,0.5618209865663065,0.806357297537942
D.J. Reed,27,NYJ,CB,2023,4,0,0,0,0,28,22,6,0,0,0.09,0,-0.7952746595151975,-0.7446125527817751,1.4159052237438141
Nick Scott,28,CIN,S,2023,5,0,0,0,0,37,22,15,1,1,0.15,0.01,-0.4775944348355746,-0.7446125527817751,1.21272258167519
Quay Walker,23,GNB,LB,2023,4,1,2,0,0,47,22,25,2,1,1.89,0.1,-0.1334408580993165,1.2966898524496024,2.7946445806380487
Vonn Bell,29,CAR,S,2023,5,1,2,0,0,33,21,12,0,0,0.68,0.04,-0.7952746595151975,0.8884293714033269,0.9224616644342988
Brian Branch,22,DET,DB,2023,4,1,4,0,0,25,21,4,3,0,1.63,0.08,-0.0010740978161403042,2.1132108145421533,1.1256443065029225
David Long,27,MIA,LB,2023,5,0,0,1,1,36,21,15,4,2,0.64,0.04,0.581339647429835,-0.7446125527817751,1.0966182147788335
Micah McFadden,23,NYG,LB,2023,4,0,1,0,0,31,21,10,5,1,1.08,0.05,0.6607597035997407,-0.3363520717354995,1.5610356823642597
Patrick Queen,24,BAL,LB,2023,5,0,2,0,2.5,43,21,22,4,4,1.41,0.09,1.269646800902351,-0.09139578310773423,1.5029834989160817
Darius Slay,32,PHI,CB,2023,5,1,4,0,0,25,21,4,0,0,0.77,0.05,-0.7952746595151975,1.5416461410773674,0.458044196848872
Henry To'oTo'o,22,HOU,LB,2023,5,0,2,0,0,39,21,18,1,0,0.47,0.03,-0.5834878430621155,-0.09139578310773423,1.2707747651233683
Jordan Whitehead,26,NYJ,S,2023,5,3,4,0,0,28,21,7,1,0,1.74,0.11,-0.5834878430621155,3.50129645009949,0.6322007471934072
Jordyn Brooks,26,SEA,LB,2023,4,0,0,0,2,41,20,21,3,1,1.29,0.07,0.925493224166093,-0.7446125527817751,2.2141227461562654
Richie Grant,26,ATL,S,2023,5,0,1,0,0,31,20,11,1,3,0.19,0.01,-0.26580761838249267,-0.41800416794475465,0.7483051140897634
Kyle Hamilton,22,BAL,S,2023,5,1,2,1,3,24,20,4,4,3,1.36,0.09,1.3225935050156217,0.8884293714033269,0.3419398299525158
Roger McCreary,23,TEN,CB,2023,5,0,0,1,2,30,20,10,3,2,0.49,0.03,0.6872330556563758,-0.7446125527817751,0.6902529306415853
Trent McDuffie,23,KAN,CB,2023,5,0,4,2,0,28,20,8,0,4,0.56,0.04,-0.37170102660903365,0.5618209865663065,0.5741485637452286
Darnell Savage Jr.,26,GNB,S,2023,4,0,0,0,0,29,20,9,1,0,0.19,0.01,-0.5305411389488451,-0.7446125527817751,1.343339994433591
L'Jarius Sneed,26,KAN,CB,2023,5,0,4,0,0,26,20,6,3,3,0.76,0.05,0.15776601452367114,0.5618209865663065,0.458044196848872
Robert Spillane,28,LVR,LB,2023,4,0,0,0,1,33,20,13,2,1,0.74,0.04,0.2636594227502121,-0.7446125527817751,1.6336009116744825
Alontae Taylor,25,NOR,CB,2023,5,0,7,0,1,24,20,4,4,1,1.28,0.08,0.47544623920329393,1.5416461410773674,0.3419398299525158
Drue Tranquill,28,KAN,LB,2023,5,0,0,1,0.5,31,20,11,0,2,-0.09,-0.01,-0.42464773072230416,-0.7446125527817751,0.7483051140897634
Delarrin Turner-Yell,24,DEN,S,2023,5,0,1,0,0,24,20,4,0,1,-0.3,-0.02,-0.6893812512886566,-0.41800416794475465,0.3419398299525158
Pete Werner,24,NOR,LB,2023,5,1,1,0,0.5,37,20,17,0,1,0.73,0.05,-0.5305411389488451,0.5618209865663065,1.0966182147788335
Tyson Campbell,23,JAX,CB,2023,5,1,3,1,0,28,19,9,1,0,0.74,0.05,-0.5834878430621155,1.2150377562403472,0.5160963802970505
Andre Cisco,23,JAX,S,2023,5,2,3,1,0,27,19,8,1,0,1.15,0.07,-0.5834878430621155,2.1948629107514086,0.458044196848872
Zach Cunningham,29,PHI,LB,2023,5,0,0,0,0,33,19,14,1,1,-0.08,-0.01,-0.4775944348355746,-0.7446125527817751,0.806357297537942
Demario Davis,34,NOR,LB,2023,5,0,1,0,1,31,19,12,2,2,0.39,0.02,0.15776601452367114,-0.41800416794475465,0.6902529306415853
Jamin Davis,25,WAS,LB,2023,5,0,1,1,1,29,19,10,2,2,0.33,0.02,0.15776601452367114,-0.41800416794475465,0.5741485637452286
DeShon Elliott,26,MIA,S,2023,4,0,3,0,0,28,19,9,0,0,0.62,0.03,-0.7952746595151975,0.4801688903570514,1.1982095358131455
Rudy Ford,29,GNB,S,2023,4,1,3,0,0,26,19,7,0,0,1.11,0.06,-0.7952746595151975,1.7049503334958778,1.0530790771926997
Xavien Howard,30,MIA,CB,2023,5,1,4,0,0,22,19,3,0,1,0.68,0.04,-0.6893812512886566,1.5416461410773674,0.1677832796079805
Nicholas Morrow,28,PHI,LB,2023,4,0,0,1,3,21,19,2,6,4,1.32,0.07,2.5138943475642077,-0.7446125527817751,0.6902529306415853
Jabrill Peppers,28,NWE,DB,2023,5,0,1,1,0,30,19,11,2,0,0.07,0,-0.37170102660903365,-0.41800416794475465,0.6322007471934072
Justin Reid,26,KAN,S,2023,5,0,4,1,0,24,19,5,0,2,0.3,0.02,-0.5834878430621155,0.5618209865663065,0.2838876465043372
Elandon Roberts,29,PIT,LB,2023,5,0,0,0,0,31,19,12,3,2,0.16,0.01,0.051872606297130225,-0.7446125527817751,0.6902529306415853
Tyrique Stevenson,23,CHI,DB,2023,5,0,1,0,0,27,19,8,1,0,-0.16,-0.01,-0.5834878430621155,-0.41800416794475465,0.458044196848872
Jalen Thompson,25,ARI,S,2023,5,1,2,1,0,26,19,7,2,0,0.63,0.04,-0.37170102660903365,0.8884293714033269,0.3999920134006939
Divine Deablo,25,LVR,LB,2023,4,0,1,0,1,31,18,13,2,1,0.8,0.04,0.2636594227502121,-0.3363520717354995,1.343339994433591
Darrick Forrest,24,WAS,S,2023,5,0,0,0,0,29,18,11,0,0,-0.47,-0.03,-0.7952746595151975,-0.7446125527817751,0.5160963802970505
Amani Hooker,25,TEN,DB,2023,4,1,3,1,0,25,18,7,2,0,1.27,0.06,-0.26580761838249267,1.7049503334958778,0.907948618572254
Derwin James,27,LAC,S,2023,3,0,2,0,0,24,18,6,1,0,1.02,0.04,-0.4422966320933943,0.34408206334162617,1.8512965996051511
Derion Kendrick,23,LAR,DB,2023,5,0,3,0,0,23,18,5,2,0,0.17,0.01,-0.37170102660903365,0.2352126017292861,0.1677832796079805
Kader Kohou,25,MIA,CB,2023,5,0,2,0,1,25,18,7,3,2,0.46,0.03,0.3695528309767531,-0.09139578310773423,0.2838876465043372
Marshon Lattimore,27,NOR,CB,2023,5,1,6,0,0,24,18,6,0,0,0.96,0.06,-0.7952746595151975,2.1948629107514086,0.2258354630561591
Matt Milano,29,BUF,LB,2023,5,2,2,1,0,30,18,12,1,1,1.11,0.07,-0.4775944348355746,1.8682545259143881,0.5741485637452286
Tre'von Moehrig,24,LVR,S,2023,4,1,3,0,0,21,18,3,0,0,0.92,0.05,-0.7952746595151975,1.7049503334958778,0.6176877013313625
Sean Murphy-Bunting,26,TEN,CB,2023,5,0,3,2,0,26,18,8,0,0,0.03,0,-0.7952746595151975,0.2352126017292861,0.3419398299525158
Ivan Pace,23,MIN,LB,2023,5,0,0,0,0.5,29,18,11,0,4,-0.1,-0.01,-0.21286091426922218,-0.7446125527817751,0.5160963802970505
Asante Samuel Jr.,24,LAC,CB,2023,4,1,3,0,0,20,18,2,1,0,1,0.05,-0.5305411389488451,1.7049503334958778,0.5451224720211396
E.J. Speed,28,IND,LB,2023,5,0,2,1,1,26,18,8,4,2,0.59,0.04,0.581339647429835,-0.09139578310773423,0.3419398299525158
Benjamin St-Juste,26,WAS,CB,2023,5,0,3,1,0,24,18,6,0,0,-0.03,-0,-0.7952746595151975,0.2352126017292861,0.2258354630561591
Jahlani Tavai,27,NWE,LB,2023,5,0,1,0,1,30,18,12,2,1,0.27,0.02,0.051872606297130225,-0.41800416794475465,0.5741485637452286
Levi Wallace,28,PIT,CB,2023,5,2,7,0,0,21,18,3,0,0,1.44,0.09,-0.7952746595151975,3.50129645009949,0.05167891271162407
Jerome Baker,27,MIA,LB,2023,5,0,0,0,1.5,29,17,12,0,4,0.05,0,0.10481931041040063,-0.7446125527817751,0.458044196848872
Derrick Brown,25,CAR,DT,2023,5,0,0,0,1,29,17,12,2,5,0.26,0.02,0.47544623920329393,-0.7446125527817751,0.458044196848872
Damone Clark,23,DAL,LB,2023,5,0,0,0,0,31,17,14,1,0,-0.29,-0.02,-0.5834878430621155,-0.7446125527817751,0.5741485637452286
Akayleb Evans,24,MIN,CB,2023,5,0,3,1,0,25,17,8,0,0,-0.03,-0,-0.7952746595151975,0.2352126017292861,0.2258354630561591
Emmanuel Forbes,22,WAS,CB,2023,5,1,5,0,0,19,17,2,2,0,0.85,0.05,-0.37170102660903365,1.8682545259143881,-0.12247763763291071
Jordan Fuller,25,LAR,DB,2023,5,0,1,2,0,34,17,17,0,0,-0.11,-0.01,-0.7952746595151975,-0.41800416794475465,0.7483051140897634
Kristian Fulton,25,TEN,CB,2023,5,0,2,0,0,20,17,3,1,0,-0.28,-0.02,-0.5834878430621155,-0.09139578310773423,-0.06442545418473236
Stephon Gilmore,33,DAL,CB,2023,5,1,5,0,0,20,17,3,0,0,0.68,0.04,-0.7952746595151975,1.8682545259143881,-0.06442545418473236
C.J. Henderson,25,CAR,CB,2023,5,0,1,0,1,20,17,3,2,1,-0.09,-0.01,0.051872606297130225,-0.41800416794475465,-0.06442545418473236
Sam Hubbard,28,CIN,DE,2023,5,0,0,0,2,25,17,8,2,5,0.31,0.02,0.7931264638829169,-0.7446125527817751,0.2258354630561591
Kenneth Murray,25,LAC,LB,2023,4,1,2,0,1,26,17,9,3,1,1.43,0.07,0.5283929433165645,1.2966898524496024,0.907948618572254
Ryan Neal,28,TAM,S,2023,4,0,0,0,0,27,17,10,2,0,0.14,0.01,-0.26580761838249267,-0.7446125527817751,0.9805138478824769
Harrison Phillips,27,MIN,DL,2023,5,0,1,0,0.5,33,17,16,0,2,0.07,0,-0.42464773072230416,-0.41800416794475465,0.6902529306415853
Christian Rozeboom,26,LAR,LB,2023,5,0,0,0,0,27,17,10,0,0,-0.6,-0.04,-0.7952746595151975,-0.7446125527817751,0.3419398299525158
Cam Taylor-Britt,24,CIN,CB,2023,5,1,3,1,0,21,17,4,0,0,0.38,0.02,-0.7952746595151975,1.2150377562403472,-0.006373270736554274
Leighton Vander Esch,27,DAL,LB,2023,5,0,0,0,0,30,17,13,1,0,-0.33,-0.02,-0.5834878430621155,-0.7446125527817751,0.5160963802970505
Charvarius Ward,27,SFO,CB,2023,5,1,5,0,0,21,17,4,0,0,0.7,0.04,-0.7952746595151975,1.8682545259143881,-0.006373270736554274
Darious Williams,30,JAX,CB,2023,5,2,7,2,0,20,17,3,1,0,1.48,0.09,-0.5834878430621155,3.50129645009949,-0.06442545418473236
Antoine Winfield Jr.,25,TAM,S,2023,4,0,4,2,2,31,17,14,2,3,1.57,0.08,0.925493224166093,0.8884293714033269,1.2707747651233683
Ja'Whaun Bentley,27,NWE,LB,2023,5,0,2,0,1,36,16,20,3,3,0.76,0.05,0.47544623920329393,-0.09139578310773423,0.806357297537942
Lavonte David,33,TAM,LB,2023,4,0,0,0,1,28,16,12,3,1,0.56,0.03,0.5283929433165645,-0.7446125527817751,0.9805138478824769
Grant Delpit,25,CLE,S,2023,4,1,2,0,0,21,16,5,1,1,0.85,0.04,-0.3981743786656689,1.2966898524496024,0.47255724271091676
Rasul Douglas,29,GNB,CB,2023,4,1,4,0,0,18,16,2,1,0,1.05,0.05,-0.5305411389488451,2.1132108145421533,0.25486155478024813
Danielle Hunter,29,MIN,OLB,2023,5,0,1,1,6,25,16,9,9,5,1.65,0.1,3.5463550777729815,-0.41800416794475465,0.1677832796079805
Micah Hyde,33,BUF,S,2023,5,2,2,0,0,23,16,7,0,0,0.73,0.05,-0.7952746595151975,1.8682545259143881,0.05167891271162407
Byron Murphy,25,MIN,CB,2023,5,0,4,0,0,22,16,6,0,0,0.02,0,-0.7952746595151975,0.5618209865663065,-0.006373270736554274
Jeremiah Owusu-Koramoah,24,CLE,LB,2023,4,0,0,0,0,21,16,5,5,0,0.3,0.01,0.5283929433165645,-0.7446125527817751,0.47255724271091676
Isaiah Simmons,25,NYG,S,2023,5,0,0,0,0,20,16,4,1,0,-0.79,-0.05,-0.5834878430621155,-0.7446125527817751,-0.12247763763291071
Geno Stone,24,BAL,S,2023,5,2,2,0,0,23,16,7,0,0,0.73,0.05,-0.7952746595151975,1.8682545259143881,0.05167891271162407
Patrick Surtain II,23,DEN,CB,2023,5,1,6,0,0,18,16,2,0,0,0.75,0.05,-0.7952746595151975,2.1948629107514086,-0.2385820045292674
Devon Witherspoon,23,SEA,CB,2023,3,1,4,0,2,23,16,7,2,3,2.63,0.1,1.4990825187265233,3.0658186036501296,1.5610356823642597
Eli Apple,28,MIA,CB,2023,4,0,3,0,0.5,18,15,3,0,1,0.26,0.01,-0.464357758807257,0.4801688903570514,0.18229632547002528
Julius Brents,23,IND,CB,2023,3,0,1,1,0,17,15,2,0,0,0.09,0,-0.7952746595151975,-0.20026524472007443,0.8837602088021795
Jeremy Chinn,25,CAR,S,2023,5,0,1,0,1,23,15,8,2,1,-0.06,-0,0.051872606297130225,-0.41800416794475465,-0.006373270736554274
Alohi Gilman,26,LAC,S,2023,3,0,1,1,0,22,15,7,0,0,0.36,0.01,-0.7952746595151975,-0.20026524472007443,1.3675284042036655
Nate Hobbs,24,LVR,CB,2023,3,0,3,0,0,25,15,10,2,1,1.39,0.05,0.08717040903931053,0.8884293714033269,1.6577893214445572
Damontae Kazee,30,PIT,S,2023,5,0,0,0,0,18,15,3,0,0,-1.11,-0.07,-0.7952746595151975,-0.7446125527817751,-0.29663418797744573
Jayron Kearse,29,DAL,S,2023,5,1,3,0,1,21,15,6,2,1,0.74,0.05,0.051872606297130225,1.2150377562403472,-0.12247763763291071
Frankie Luvu,27,CAR,LB,2023,5,0,0,0,2.5,30,15,15,4,4,0.64,0.04,1.269646800902351,-0.7446125527817751,0.3999920134006939
Keanu Neal,28,PIT,S,2023,5,0,1,0,0,24,15,9,1,0,-0.42,-0.03,-0.5834878430621155,-0.41800416794475465,0.05167891271162407
Steven Nelson,30,HOU,CB,2023,5,2,4,0,0,18,15,3,0,0,0.87,0.06,-0.7952746595151975,2.521471295588429,-0.29663418797744573
Ed Oliver,26,BUF,DT,2023,5,0,0,1,4,24,15,9,9,9,1.39,0.09,3.3345682613199,-0.7446125527817751,0.05167891271162407
Isaiah Oliver,27,SFO,CB,2023,5,1,1,0,0,25,15,10,0,0,0.09,0.01,-0.7952746595151975,0.5618209865663065,0.10973109615980242
Adrian Amos,30,NYJ,S,2023,5,0,1,0,0,16,14,2,0,0,-0.98,-0.06,-0.7952746595151975,-0.41800416794475465,-0.47079073832198054
Will Anderson,22,HOU,DE,2023,5,0,0,0,1,21,14,7,2,6,-0.04,-0,0.581339647429835,-0.7446125527817751,-0.18052982108108906
Derrick Barnes,24,DET,LB,2023,5,0,0,0,1,28,14,14,2,1,-0.11,-0.01,0.051872606297130225,-0.7446125527817751,0.2258354630561591
DaRon Bland,24,DAL,CB,2023,5,3,5,0,0,18,14,4,1,1,1.53,0.1,-0.4775944348355746,3.82790483493651,-0.3546863714256238
Leo Chenal,23,KAN,LB,2023,5,0,0,0,1,21,14,7,3,2,-0.17,-0.01,0.3695528309767531,-0.7446125527817751,-0.18052982108108906
Bradley Chubb,27,MIA,LB,2023,5,0,0,1,1,21,14,7,4,5,0.14,0.01,0.8990198721094579,-0.7446125527817751,-0.18052982108108906
Maxx Crosby,26,LVR,DE,2023,4,0,0,0,4,23,14,9,4,6,1.28,0.06,2.646261107847384,-0.7446125527817751,0.47255724271091676
Christian Gonzalez,21,NWE,CB,2023,4,1,3,0,1,17,14,3,1,1,1.01,0.05,-0.0010740978161403042,1.7049503334958778,0.03716586684957955
Jonathan Greenard,26,HOU,DE,2023,5,0,1,0,3,19,14,5,6,4,0.74,0.05,1.8520605461483266,-0.41800416794475465,-0.29663418797744573
Kamu Grugier-Hill,29,CAR,LB,2023,5,1,1,0,1,20,14,6,1,1,0.25,0.02,-0.15991421015595175,0.5618209865663065,-0.2385820045292674
Christian Izien,23,TAM,S,2023,4,2,2,0,0,21,14,7,1,0,1.26,0.06,-0.5305411389488451,2.521471295588429,0.327426784090471
Dane Jackson,27,BUF,CB,2023,5,0,1,1,0,16,14,2,0,0,-0.98,-0.06,-0.7952746595151975,-0.41800416794475465,-0.47079073832198054
Khalil Mack,32,LAC,OLB,2023,4,0,2,2,6,19,14,5,5,6,1.89,0.1,3.7051951901127933,0.07190840931077593,0.18229632547002528
Justin Simmons,30,DEN,S,2023,3,0,0,0,0,19,14,5,0,0,-0.17,-0.01,-0.7952746595151975,-0.7446125527817751,0.9805138478824769
Terell Smith,24,CHI,DB,2023,5,0,2,1,0,21,14,7,2,0,-0.22,-0.01,-0.37170102660903365,-0.09139578310773423,-0.18052982108108906
Montez Sweat,27,WAS,DE,2023,5,0,1,2,4.5,19,14,5,6,9,1.19,0.08,2.858047924300466,-0.41800416794475465,-0.29663418797744573
Rodney Thomas II,25,IND,S,2023,5,0,1,0,0,17,14,3,0,0,-0.93,-0.06,-0.7952746595151975,-0.41800416794475465,-0.4127385548738022
Andrew Van Ginkel,28,MIA,LB,2023,5,0,2,0,4,22,14,8,6,7,1.24,0.08,2.4874209955075726,-0.09139578310773423,-0.12247763763291071
Devin White,25,TAM,LB,2023,4,1,2,0,0,26,14,12,1,1,0.94,0.05,-0.3981743786656689,1.2966898524496024,0.6902529306415853
Tony Adams,24,NYJ,S,2023,3,0,0,0,0,15,13,2,0,0,-0.49,-0.02,-0.7952746595151975,-0.7446125527817751,0.49674565248099123
DeAundre Alford,26,ATL,CB,2023,5,0,3,0,0,19,13,6,2,0,-0.13,-0.01,-0.37170102660903365,0.2352126017292861,-0.3546863714256238
Deonte Banks,22,NYG,CB,2023,5,0,4,0,0,15,13,2,1,0,-0.2,-0.01,-0.5834878430621155,0.5618209865663065,-0.5868951052183372
Krys Barnes,25,ARI,LB,2023,5,0,3,0,0,16,13,3,1,0,-0.37,-0.02,-0.5834878430621155,0.2352126017292861,-0.5288429217701589
Jakorian Bennett,23,LVR,CB,2023,4,0,2,0,0,19,13,6,0,0,-0.2,-0.01,-0.7952746595151975,0.07190840931077593,0.10973109615980242
Jaquan Brisker,24,CHI,DB,2023,5,0,2,0,0,29,13,16,0,1,-0.17,-0.01,-0.6893812512886566,-0.09139578310773423,0.2258354630561591
Jack Campbell,23,DET,LB,2023,5,0,1,0,1,19,13,6,2,1,-0.27,-0.02,0.051872606297130225,-0.41800416794475465,-0.3546863714256238
Jonathon Cooper,25,DEN,OLB,2023,5,0,0,1,3,27,13,14,2,3,0.3,0.02,0.8990198721094579,-0.7446125527817751,0.10973109615980242
Ronald Darby,29,BAL,CB,2023,5,0,4,0,0,15,13,2,1,0,-0.2,-0.01,-0.5834878430621155,0.5618209865663065,-0.5868951052183372
Jamel Dean,27,TAM,CB,2023,3,0,0,0,0,16,13,3,0,0,-0.42,-0.02,-0.7952746595151975,-0.7446125527817751,0.593499291561288
Cobie Durant,25,LAR,DB,2023,5,0,2,0,0,20,13,7,0,1,-0.51,-0.03,-0.6893812512886566,-0.09139578310773423,-0.29663418797744573
Sauce Gardner,23,NYJ,CB,2023,5,0,3,1,0,20,13,7,0,0,-0.36,-0.02,-0.7952746595151975,0.2352126017292861,-0.29663418797744573
Christian Harris,22,HOU,LB,2023,4,0,0,0,1,23,13,10,0,1,-0.2,-0.01,-0.26580761838249267,-0.7446125527817751,0.3999920134006939
Talanoa Hufanga,23,SFO,S,2023,5,2,2,0,0,17,13,4,1,0,0.58,0.04,-0.5834878430621155,1.8682545259143881,-0.47079073832198054
Adoree' Jackson,28,NYG,CB,2023,5,0,2,0,0,17,13,4,0,0,-0.71,-0.05,-0.7952746595151975,-0.09139578310773423,-0.47079073832198054
Jermaine Johnson II,24,NYJ,LB,2023,5,0,0,1,2,16,13,3,4,2,-0.06,-0,0.8990198721094579,-0.7446125527817751,-0.5288429217701589
Kerby Joseph,23,DET,S,2023,3,0,1,0,0,17,13,4,0,0,-0.02,-0,-0.7952746595151975,-0.20026524472007443,0.6902529306415853
Nathan Landman,25,ATL,LB,2023,5,0,0,0,0,22,13,9,1,1,-0.75,-0.05,-0.4775944348355746,-0.7446125527817751,-0.18052982108108906
Isaiah McDuffie,24,GNB,LB,2023,4,0,0,0,0,19,13,6,0,1,-0.67,-0.03,-0.6629078992320213,-0.7446125527817751,0.10973109615980242
Elijah Molden,24,TEN,CB,2023,4,0,1,0,0,20,13,7,1,0,-0.25,-0.01,-0.5305411389488451,-0.3363520717354995,0.18229632547002528
Denzel Perryman,31,HOU,MLB,2023,3,0,0,0,0,22,13,9,1,0,0.15,0.01,-0.4422966320933943,-0.7446125527817751,1.1740211260430709
Marcus Peters,30,LVR,CB,2023,4,0,1,0,0,16,13,3,1,0,-0.44,-0.02,-0.5305411389488451,-0.3363520717354995,-0.10796459177086619
Jordan Poyer,32,BUF,S,2023,4,0,0,0,0,19,13,6,0,0,-0.77,-0.04,-0.7952746595151975,-0.7446125527817751,0.10973109615980242
Zach Sieler,28,MIA,DT,2023,5,0,0,0,3,20,13,7,5,6,0.58,0.04,1.8520605461483266,-0.7446125527817751,-0.29663418797744573
AJ Terrell,25,ATL,CB,2023,5,0,2,0,0,16,13,3,2,0,-0.45,-0.03,-0.37170102660903365,-0.09139578310773423,-0.5288429217701589
Russ Yeast,24,LAR,DB,2023,5,0,1,0,0,24,13,11,0,0,-0.65,-0.04,-0.7952746595151975,-0.41800416794475465,-0.06442545418473236
Josh Allen,26,JAX,OLB,2023,5,0,0,1,6,17,12,5,5,9,1.06,0.07,3.1227814448668183,-0.7446125527817751,-0.5288429217701589
Grayland Arnold,26,HOU,S,2023,5,0,0,1,0,16,12,4,1,0,-1.18,-0.07,-0.5834878430621155,-0.7446125527817751,-0.5868951052183372
Chidobe Awuzie,28,CIN,CB,2023,4,0,1,0,0,14,12,2,0,0,-0.79,-0.04,-0.7952746595151975,-0.3363520717354995,-0.32566027970153477
Markquese Bell,24,DAL,S,2023,5,0,0,1,0,20,12,8,1,0,-0.97,-0.06,-0.5834878430621155,-0.7446125527817751,-0.3546863714256238
Nik Bonitto,24,DEN,OLB,2023,5,0,0,1,5.5,15,12,3,8,7,1.12,0.07,3.3875149654331707,-0.7446125527817751,-0.6449472886665153
De'Vondre Campbell,30,GNB,LB,2023,3,0,0,0,0,22,12,10,0,0,-0.11,-0,-0.7952746595151975,-0.7446125527817751,1.077267486962774
Michael Carter,24,NYJ,CB,2023,5,0,2,0,0,19,12,7,0,0,-0.67,-0.04,-0.7952746595151975,-0.09139578310773423,-0.4127385548738022
Samson Ebukam,28,IND,DE,2023,5,0,0,1,3,16,12,4,4,6,0.32,0.02,1.6402737296952445,-0.7446125527817751,-0.5868951052183372
Marcus Epps,27,LVR,S,2023,4,0,0,0,0,19,12,7,2,0,-0.44,-0.02,-0.26580761838249267,-0.7446125527817751,0.03716586684957955
Sam Franklin,27,CAR,S,2023,5,1,2,0,0,18,12,6,0,0,-0.06,-0,-0.7952746595151975,0.8884293714033269,-0.47079073832198054
Dennis Gardeck,29,ARI,OLB,2023,5,0,0,1,4,16,12,4,5,6,0.59,0.04,2.169740770827949,-0.7446125527817751,-0.5868951052183372
C.J. Gardner-Johnson,26,DET,DB,2023,2,0,2,0,0,13,12,1,0,0,0.91,0.02,-0.7952746595151975,0.8884293714033269,1.4159052237438141
Mike Hilton,29,CIN,CB,2023,5,0,2,0,0,18,12,6,0,0,-0.71,-0.05,-0.7952746595151975,-0.09139578310773423,-0.47079073832198054
Malik Hooker,27,DAL,S,2023,5,1,2,0,0,21,12,9,0,0,0.04,0,-0.7952746595151975,0.8884293714033269,-0.29663418797744573
Aidan Hutchinson,23,DET,DL,2023,5,1,4,1,4.5,15,12,3,4,8,1.62,0.1,2.3285808831677612,1.5416461410773674,-0.6449472886665153
Josh Jobe,25,PHI,CB,2023,5,0,2,1,0,13,12,1,0,0,-0.95,-0.06,-0.7952746595151975,-0.09139578310773423,-0.761051655562872
Taron Johnson,27,BUF,CB,2023,5,0,1,2,0,16,12,4,0,1,-0.98,-0.06,-0.6893812512886566,-0.41800416794475465,-0.5868951052183372
Zyon McCollum,24,TAM,CB,2023,4,0,3,0,0,15,12,3,0,0,-0.18,-0.01,-0.7952746595151975,0.4801688903570514,-0.2530950503913119
Jack Sanborn,23,CHI,LB,2023,5,1,1,0,0,21,12,9,0,0,-0.15,-0.01,-0.7952746595151975,0.5618209865663065,-0.29663418797744573
Preston Smith,31,GNB,LB,2023,4,0,0,0,0,17,12,5,0,2,-0.73,-0.04,-0.5305411389488451,-0.7446125527817751,-0.10796459177086619
Grover Stewart,30,IND,DT,2023,5,0,0,0,0,18,12,6,2,4,-0.57,-0.04,0.051872606297130225,-0.7446125527817751,-0.47079073832198054
Greg Stroman,27,CHI,DB,2023,4,1,1,0,1,19,12,7,3,1,0.88,0.04,0.5283929433165645,0.8884293714033269,0.03716586684957955
Cameron Sutton,28,DET,CB,2023,5,0,0,0,0,16,12,4,1,0,-1.18,-0.07,-0.5834878430621155,-0.7446125527817751,-0.5868951052183372
Ambry Thomas,24,SFO,CB,2023,4,0,1,0,0,15,12,3,0,0,-0.73,-0.04,-0.7952746595151975,-0.3363520717354995,-0.2530950503913119
Tuli Tuipulotu,21,LAC,OLB,2023,4,0,0,0,2,17,12,5,4,5,0.61,0.03,1.7196937858651504,-0.7446125527817751,-0.10796459177086619
Anthony Walker,28,CLE,LB,2023,4,0,1,0,0,19,12,7,0,2,-0.34,-0.02,-0.5305411389488451,-0.3363520717354995,0.03716586684957955
Jimmie Ward,32,HOU,S,2023,3,0,1,1,0,18,12,6,0,0,-0.02,-0,-0.7952746595151975,-0.20026524472007443,0.6902529306415853
T.J. Watt,29,PIT,LB,2023,5,0,4,2,8,15,12,3,7,15,2.17,0.14,4.817075976491473,0.5618209865663065,-0.6449472886665153
Quinnen Williams,26,NYJ,DL,2023,5,0,1,0,0.5,17,12,5,3,6,-0.02,-0,0.6342863515431055,-0.41800416794475465,-0.5288429217701589
DeForest Buckner,29,IND,DT,2023,5,0,0,1,2,21,11,10,3,4,0.04,0,0.8990198721094579,-0.7446125527817751,-0.3546863714256238
Brian Burns,25,CAR,OLB,2023,5,0,0,1,4,18,11,7,6,8,0.82,0.05,2.5933144037341136,-0.7446125527817751,-0.5288429217701589
Bryan Cook,24,KAN,S,2023,5,0,1,0,0,18,11,7,1,0,-0.85,-0.05,-0.5834878430621155,-0.41800416794475465,-0.5288429217701589
Michael Danna,26,KAN,DE,2023,5,0,2,0,3.5,18,11,7,3,5,0.6,0.04,1.4814336173554332,-0.09139578310773423,-0.5288429217701589
Aaron Donald,32,LAR,DT,2023,5,0,0,0,2.5,20,11,9,5,6,0.44,0.03,1.6932204338085153,-0.7446125527817751,-0.4127385548738022
Kingsley Enagbare,23,GNB,LB,2023,4,0,1,0,0,14,11,3,1,1,-0.55,-0.03,-0.3981743786656689,-0.3363520717354995,-0.39822550901175763
Dallis Flowers,26,IND,CB,2023,4,0,3,0,0,15,11,4,1,0,-0.06,-0,-0.5305411389488451,0.4801688903570514,-0.32566027970153477
Tre Flowers,28,ATL,CB,2023,5,0,2,0,0,15,11,4,0,0,-0.9,-0.06,-0.7952746595151975,-0.09139578310773423,-0.7029994721146936
Kendall Fuller,28,WAS,CB,2023,5,1,4,0,0,23,11,12,0,0,0.43,0.03,-0.7952746595151975,1.5416461410773674,-0.2385820045292674
Willie Gay Jr.,25,KAN,LB,2023,5,0,1,0,0,17,11,6,0,2,-0.9,-0.06,-0.5834878430621155,-0.41800416794475465,-0.5868951052183372
Shaquill Griffin,28,HOU,CB,2023,4,0,3,0,0,14,11,3,0,0,-0.27,-0.01,-0.7952746595151975,0.4801688903570514,-0.39822550901175763
Jonathan Harris,27,DEN,DL,2023,5,0,0,0,0,21,11,10,1,1,-0.89,-0.06,-0.4775944348355746,-0.7446125527817751,-0.3546863714256238
Josey Jewell,29,DEN,LB,2023,4,0,1,0,0,24,11,13,0,0,-0.33,-0.02,-0.7952746595151975,-0.3363520717354995,0.327426784090471
Dexter Lawrence,26,NYG,DL,2023,5,0,0,0,0,19,11,8,1,5,-0.65,-0.04,-0.05402080192941083,-0.7446125527817751,-0.47079073832198054
Shaquille Leonard,28,IND,LB,2023,4,0,0,0,0,21,11,10,1,0,-0.57,-0.03,-0.5305411389488451,-0.7446125527817751,0.10973109615980242
Tyrann Mathieu,31,NOR,S,2023,5,1,2,0,0,19,11,8,0,0,-0.06,-0,-0.7952746595151975,0.8884293714033269,-0.47079073832198054
Marcus Maye,30,NOR,S,2023,2,1,1,0,1,13,11,2,0,0,1.83,0.05,-0.0010740978161403042,2.521471295588429,1.2707747651233683
Keisean Nixon,26,GNB,CB,2023,4,0,1,0,0,15,11,4,1,0,-0.59,-0.03,-0.5305411389488451,-0.3363520717354995,-0.32566027970153477
Daron Payne,26,WAS,DT,2023,5,0,3,1,1,15,11,4,5,6,0.55,0.03,1.2167000967890806,0.2352126017292861,-0.7029994721146936
Jalen Pitre,24,HOU,S,2023,3,0,1,1,0,15,11,4,0,1,-0.14,-0.01,-0.618785645804296,-0.20026524472007443,0.3032383743203966
Jarran Reed,31,SEA,DE,2023,4,0,1,0,2,16,11,5,2,6,0.54,0.03,1.3225935050156217,-0.3363520717354995,-0.2530950503913119
Shaun Wade,25,NWE,CB,2023,4,0,1,0,0,11,11,0,0,0,-1.03,-0.05,-0.7952746595151975,-0.3363520717354995,-0.6159211969424262
Tracy Walker,28,DET,S,2023,5,0,1,1,0,16,11,5,0,0,-1.13,-0.07,-0.7952746595151975,-0.41800416794475465,-0.6449472886665153
Denzel Ward,26,CLE,CB,2023,4,0,5,1,0,13,11,2,1,0,0.32,0.02,-0.5305411389488451,1.2966898524496024,-0.47079073832198054
Donovan Wilson,28,DAL,S,2023,3,0,0,0,0,17,11,6,1,0,-0.25,-0.01,-0.4422966320933943,-0.7446125527817751,0.49674565248099123
Byron Young,25,LAR,OLB,2023,5,0,0,0,2,18,11,7,0,9,-0.12,-0.01,0.7931264638829169,-0.7446125527817751,-0.5288429217701589
Justin Bethel,33,MIA,CB,2023,5,0,1,0,0.5,14,10,4,2,1,-0.7,-0.04,-0.10696750604268124,-0.41800416794475465,-0.8191038390110503
Terrell Edmunds,26,PHI,S,2023,5,0,0,1,0,15,10,5,0,0,-1.59,-0.1,-0.7952746595151975,-0.7446125527817751,-0.761051655562872
Carl Granderson,27,NOR,DE,2023,5,0,0,1,3.5,17,10,7,5,8,0.59,0.04,2.22268747494122,-0.7446125527817751,-0.6449472886665153
Tre Hawkins,23,NYG,CB,2023,5,0,0,0,0,16,10,6,0,0,-1.52,-0.1,-0.7952746595151975,-0.7446125527817751,-0.7029994721146936
Alex Highsmith,26,PIT,LB,2023,5,1,1,2,2,19,10,9,2,7,0.69,0.04,1.0049132803359988,0.5618209865663065,-0.5288429217701589
Michael Hoecht,26,LAR,OLB,2023,5,0,1,0,0.5,25,10,15,1,1,-0.4,-0.03,-0.3187543224957632,-0.41800416794475465,-0.18052982108108906
Donte Jackson,28,CAR,CB,2023,4,0,0,0,0,11,10,1,1,0,-1.23,-0.06,-0.5305411389488451,-0.7446125527817751,-0.6884864262526491
Matt Judon,31,NWE,LB,2023,4,0,0,0,4,13,10,3,5,9,1.13,0.06,3.3080949092632648,-0.7446125527817751,-0.5433559676322034
Uchenna Nwosu,27,SEA,LB,2023,4,0,0,2,2,13,10,3,4,4,0.32,0.02,1.5873270255819742,-0.7446125527817751,-0.5433559676322034
Micah Parsons,24,DAL,LB,2023,5,0,1,1,4,18,10,8,6,8,0.94,0.06,2.5933144037341136,-0.41800416794475465,-0.5868951052183372
Patrick Peterson,33,PIT,CB,2023,5,1,6,0,0,15,10,5,0,0,0.49,0.03,-0.7952746595151975,2.1948629107514086,-0.761051655562872
Josh Sweat,26,PHI,DE,2023,5,0,1,2,2.5,15,10,5,1,9,0.15,0.01,1.1637533926758103,-0.41800416794475465,-0.761051655562872
Tavierre Thomas,27,HOU,CB,2023,2,0,0,1,0,13,10,3,1,0,0.22,0.01,-0.26580761838249267,-0.7446125527817751,1.1256443065029225
Travon Walker,23,JAX,OLB,2023,5,0,0,0,2,15,10,5,4,4,-0.07,-0,1.1108066885625396,-0.7446125527817751,-0.761051655562872
Tre'Davious White,28,BUF,CB,2023,4,1,2,0,0,12,10,2,1,1,0.31,0.02,-0.3981743786656689,1.2966898524496024,-0.6159211969424262
Isaac Yiadom,27,NOR,CB,2023,5,1,7,0,0,14,10,4,0,0,0.63,0.04,-0.7952746595151975,2.521471295588429,-0.8191038390110503
Zach Allen,26,DEN,DE,2023,5,0,0,1,1.5,23,9,14,4,8,0.31,0.02,1.375540209128892,-0.7446125527817751,-0.3546863714256238
Denico Autry,33,TEN,DL,2023,5,0,0,1,4,16,9,7,3,9,0.45,0.03,2.063847362601409,-0.7446125527817751,-0.761051655562872
Mekhi Blackmon,24,MIN,CB,2023,5,0,1,0,0,11,9,2,0,0,-1.55,-0.1,-0.7952746595151975,-0.41800416794475465,-1.0513125728037633
Nick Bolton,23,KAN,LB,2023,2,0,0,0,0,15,9,6,0,0,0,0,-0.7952746595151975,-0.7446125527817751,1.2707747651233683
Tre Brown,26,SEA,CB,2023,3,1,2,1,1,10,9,1,1,1,1.07,0.04,0.2636594227502121,1.9771239875267284,-0.37403709924168344
Coby Bryant,24,SEA,CB,2023,2,0,0,0,0,11,9,2,0,1,-0.19,-0,-0.5305411389488451,-0.7446125527817751,0.6902529306415853
Blake Cashman,27,HOU,LB,2023,4,1,2,0,0,17,9,8,2,1,0.59,0.03,-0.1334408580993165,1.2966898524496024,-0.32566027970153477
Zaven Collins,24,ARI,LB,2023,5,1,1,0,2.5,12,9,3,2,3,0.32,0.02,0.7401797597696463,0.5618209865663065,-0.9932603893555851
Quandre Diggs,30,SEA,FS,2023,4,1,1,0,0,14,9,5,0,0,-0.1,-0.01,-0.7952746595151975,0.8884293714033269,-0.5433559676322034
Victor Dimukeje,24,ARI,OLB,2023,5,0,0,1,2.5,14,9,5,3,4,-0.17,-0.01,1.0578599844492693,-0.7446125527817751,-0.8771560224592286
Justin Evans,28,PHI,S,2023,4,0,2,1,0,15,9,6,0,0,-0.59,-0.03,-0.7952746595151975,0.07190840931077593,-0.47079073832198054
Will Harris,28,DET,CB,2023,5,0,1,0,0,12,9,3,1,1,-1.16,-0.07,-0.4775944348355746,-0.41800416794475465,-0.9932603893555851
Trey Hendrickson,29,CIN,DE,2023,5,0,2,1,6,17,9,8,5,7,1.17,0.07,2.9109946284137362,-0.09139578310773423,-0.7029994721146936
Tre Herndon,27,JAX,CB,2023,5,0,3,1,0,15,9,6,0,2,-0.57,-0.04,-0.5834878430621155,0.2352126017292861,-0.8191038390110503
Elijah Hicks,24,CHI,DB,2023,5,0,1,0,0,16,9,7,0,0,-1.24,-0.08,-0.7952746595151975,-0.41800416794475465,-0.761051655562872
Jerry Hughes,35,HOU,DE,2023,5,0,0,0,1,11,9,2,3,1,-0.85,-0.05,0.2636594227502121,-0.7446125527817751,-1.0513125728037633
Michael Jackson,26,SEA,CB,2023,4,0,1,0,0,10,9,1,0,0,-1.23,-0.06,-0.7952746595151975,-0.3363520717354995,-0.8336168848730948
D.J. Jones,28,DEN,DT,2023,5,0,0,0,0,11,9,2,0,1,-1.83,-0.12,-0.6893812512886566,-0.7446125527817751,-1.0513125728037633
Jaylon Jones,26,CHI,DB,2023,5,0,0,0,0,12,9,3,1,1,-1.49,-0.09,-0.4775944348355746,-0.7446125527817751,-0.9932603893555851
Justin Madubuike,26,BAL,DT,2023,5,0,0,0,2.5,15,9,6,3,4,-0.14,-0.01,1.0578599844492693,-0.7446125527817751,-0.8191038390110503
Nick Niemann,26,LAC,LB,2023,4,0,1,0,0,17,9,8,0,0,-0.79,-0.04,-0.7952746595151975,-0.3363520717354995,-0.32566027970153477
Osa Odighizuwa,25,DAL,DT,2023,5,0,0,0,3,14,9,5,4,5,0.11,0.01,1.534380321468704,-0.7446125527817751,-0.8771560224592286
Kwity Paye,25,IND,DE,2023,4,0,0,0,3,12,9,3,4,4,0.45,0.02,1.9844273064315028,-0.7446125527817751,-0.6884864262526491
Taylor Rapp,26,BUF,S,2023,5,0,0,0,0,13,9,4,0,0,-1.81,-0.11,-0.7952746595151975,-0.7446125527817751,-0.9352082059074067
Jeffery Simmons,26,TEN,DT,2023,5,0,0,0,2.5,17,9,8,3,5,-0.01,-0,1.1637533926758103,-0.7446125527817751,-0.7029994721146936
Juan Thornhill,28,CLE,S,2023,3,0,0,0,0,13,9,4,0,0,-0.93,-0.04,-0.7952746595151975,-0.7446125527817751,-0.08377618200079198
Joshua Williams,24,KAN,DB,2023,5,0,1,0,0,11,9,2,1,0,-1.32,-0.08,-0.5834878430621155,-0.41800416794475465,-1.0513125728037633
Deatrich Wise Jr.,29,NWE,DL,2023,5,0,0,0,1,20,9,11,1,1,-0.77,-0.05,-0.15991421015595175,-0.7446125527817751,-0.5288429217701589
Paulson Adebo,24,NOR,CB,2023,3,1,3,0,0,9,8,1,0,0,0.75,0.03,-0.7952746595151975,2.521471295588429,-0.5675443774022776
Jaire Alexander,26,GNB,CB,2023,2,0,2,0,0,8,8,0,0,0,0.27,0.01,-0.7952746595151975,0.8884293714033269,0.10973109615980242
Jonathan Allen,28,WAS,DT,2023,5,0,1,0,3,19,8,11,5,6,0.57,0.04,1.8520605461483266,-0.41800416794475465,-0.6449472886665153
Shaquil Barrett,31,TAM,OLB,2023,4,1,1,0,1,9,8,1,0,5,0.25,0.01,0.2636594227502121,0.8884293714033269,-0.9787473434935405
Christian Benford,23,BUF,CB,2023,4,0,2,0,0,11,8,3,1,0,-0.67,-0.03,-0.5305411389488451,0.07190840931077593,-0.8336168848730948
James Bradberry,30,PHI,CB,2023,4,0,2,0,0,14,8,6,0,0,-0.7,-0.04,-0.7952746595151975,0.07190840931077593,-0.6159211969424262
Jonathan Bullard,30,MIN,DL,2023,5,0,0,0,0,18,8,10,0,0,-1.52,-0.1,-0.7952746595151975,-0.7446125527817751,-0.7029994721146936
Jadeveon Clowney,30,BAL,OLB,2023,5,0,1,0,1.5,11,8,3,2,5,-0.38,-0.02,0.6342863515431055,-0.41800416794475465,-1.1093647562519418
Carlton Davis,27,TAM,CB,2023,2,0,2,0,0,10,8,2,0,0,0.42,0.01,-0.7952746595151975,0.8884293714033269,0.3999920134006939
Mike Edwards,27,KAN,S,2023,5,1,3,0,1,11,8,3,2,1,0.24,0.02,0.051872606297130225,1.2150377562403472,-1.1093647562519418
Kaiir Elam,22,BUF,CB,2023,1,0,0,0,0,11,8,3,0,0,1.02,0.01,-0.7952746595151975,-0.7446125527817751,3.3026011858096087
Myles Garrett,28,CLE,DE,2023,4,0,0,1,5.5,10,8,2,5,13,1.45,0.07,4.433212371670262,-0.7446125527817751,-0.9061821141833177
Tashaun Gipson,33,SFO,S,2023,5,1,1,0,0,17,8,9,0,0,-0.45,-0.03,-0.7952746595151975,0.5618209865663065,-0.761051655562872
John Jenkins,34,LVR,DT,2023,4,0,1,0,0,14,8,6,1,1,-0.71,-0.04,-0.3981743786656689,-0.3363520717354995,-0.6159211969424262
Eric Kendricks,31,LAC,LB,2023,2,0,1,0,0,13,8,5,0,0,0.22,0.01,-0.7952746595151975,0.07190840931077593,0.835383389262031
DeMarvin Leal,23,PIT,DE,2023,4,0,1,0,1,10,8,2,2,2,-0.35,-0.02,0.39602618303338827,-0.3363520717354995,-0.9061821141833177
Jonathan Ledbetter,26,ARI,DL,2023,3,0,0,0,1,12,8,4,0,1,-0.53,-0.02,-0.08931860467159114,-0.7446125527817751,-0.2772834601613861
Devin Lloyd,25,JAX,LB,2023,3,0,3,0,0,19,8,11,0,0,0.42,0.02,-0.7952746595151975,0.8884293714033269,0.3999920134006939
Eric Murray,29,HOU,S,2023,5,0,0,1,0,13,8,5,0,0,-1.9,-0.12,-0.7952746595151975,-0.7446125527817751,-0.9932603893555851
Larry Ogunjobi,29,PIT,DT,2023,5,0,0,1,1,12,8,4,1,2,-1.12,-0.07,-0.05402080192941083,-0.7446125527817751,-1.0513125728037633
Adrian Phillips,31,NWE,DB,2023,5,0,0,0,0,12,8,4,0,0,-1.99,-0.13,-0.7952746595151975,-0.7446125527817751,-1.0513125728037633
Sheldon Rankins,29,HOU,DT,2023,5,0,0,0,0,11,8,3,1,1,-1.63,-0.1,-0.4775944348355746,-0.7446125527817751,-1.1093647562519418
Gregory Rousseau,23,BUF,DE,2023,4,0,2,1,3,9,8,1,4,4,0.71,0.04,1.9844273064315028,0.07190840931077593,-0.9787473434935405
Jamien Sherwood,23,NYJ,LB,2023,5,0,0,0,0,15,8,7,1,0,-1.48,-0.09,-0.5834878430621155,-0.7446125527817751,-0.8771560224592286
M.J. Stewart,28,HOU,S,2023,5,0,0,1,0,15,8,7,0,0,-1.73,-0.11,-0.7952746595151975,-0.7446125527817751,-0.8771560224592286
Derek Stingley Jr.,22,HOU,CB,2023,2,0,0,0,0,9,8,1,0,0,-0.66,-0.02,-0.7952746595151975,-0.7446125527817751,0.25486155478024813
Kevin Strong,27,ARI,DL,2023,5,0,1,0,1,13,8,5,2,1,-0.72,-0.05,0.051872606297130225,-0.41800416794475465,-0.9932603893555851
Sione Takitaki,28,CLE,LB,2023,4,0,0,0,1,11,8,3,2,1,-0.68,-0.03,0.2636594227502121,-0.7446125527817751,-0.8336168848730948
Teair Tart,26,TEN,DT,2023,4,0,0,0,0,10,8,2,3,3,-0.64,-0.03,0.39602618303338827,-0.7446125527817751,-0.9061821141833177
Ja'Sir Taylor,24,LAC,DB,2023,4,0,2,0,0,9,8,1,0,2,-0.78,-0.04,-0.5305411389488451,0.07190840931077593,-0.9787473434935405
Joe Tryon-Shoyinka,24,TAM,OLB,2023,4,0,0,0,2,10,8,2,3,4,-0.03,-0,1.3225935050156217,-0.7446125527817751,-0.9061821141833177
Christian Wilkins,28,MIA,DT,2023,5,0,2,0,1.5,19,8,11,1,6,0.04,0,0.5283929433165645,-0.09139578310773423,-0.6449472886665153
DeShawn Williams,31,CAR,DT,2023,5,0,0,0,0,13,8,5,1,1,-1.49,-0.09,-0.4775944348355746,-0.7446125527817751,-0.9932603893555851
Chase Young,24,WAS,DE,2023,4,0,1,0,3,11,8,3,3,7,0.65,0.03,2.116794066714679,-0.3363520717354995,-0.8336168848730948
Troy Andersen,24,ATL,LB,2023,2,0,0,0,0.5,19,7,12,1,1,0.77,0.02,0.39602618303338827,-0.7446125527817751,1.5610356823642597
Nick Bosa,26,SFO,DL,2023,5,0,0,0,1.5,12,7,5,4,14,0.24,0.02,2.0109006584881377,-0.7446125527817751,-1.1093647562519418
Oren Burks,28,SFO,LB,2023,5,1,1,0,0,12,7,5,2,0,-0.4,-0.03,-0.37170102660903365,0.5618209865663065,-1.1093647562519418
Calais Campbell,37,ATL,DL,2023,5,0,0,0,0,16,7,9,1,3,-1.16,-0.07,-0.26580761838249267,-0.7446125527817751,-0.8771560224592286
Jalen Carter,22,PHI,DT,2023,5,0,0,2,3.5,12,7,5,4,4,0,0,1.5873270255819742,-0.7446125527817751,-1.1093647562519418
Leonard Floyd,31,BUF,DE,2023,5,0,0,1,5.5,12,7,5,3,9,0.52,0.03,2.540367699620843,-0.7446125527817751,-1.1093647562519418
Yetur Gross-Matos,25,CAR,OLB,2023,5,0,0,0,2.5,11,7,4,3,5,-0.29,-0.02,1.1637533926758103,-0.7446125527817751,-1.16741693970012
Troy Hill,32,CAR,CB,2023,5,0,0,0,0,11,7,4,1,0,-1.84,-0.12,-0.5834878430621155,-0.7446125527817751,-1.16741693970012
Grady Jarrett,30,ATL,DL,2023,5,0,1,0,0.5,19,7,12,1,6,-0.4,-0.03,0.21071271863694158,-0.41800416794475465,-0.7029994721146936
Anfernee Jennings,26,NWE,LB,2023,3,0,0,0,0,10,7,3,1,1,-0.89,-0.03,-0.26580761838249267,-0.7446125527817751,-0.5675443774022776
Jaylon Johnson,24,CHI,DB,2023,3,0,1,1,0,9,7,2,1,0,-0.68,-0.03,-0.4422966320933943,-0.20026524472007443,-0.6642980164825749
Travis Jones,24,BAL,DT,2023,5,0,0,0,0,12,7,5,1,0,-1.76,-0.11,-0.5834878430621155,-0.7446125527817751,-1.1093647562519418
George Karlaftis III,22,KAN,DE,2023,5,0,1,0,2,15,7,8,2,4,-0.24,-0.02,0.6872330556563758,-0.41800416794475465,-0.9352082059074067
DeMarcus Lawrence,31,DAL,DE,2023,5,0,1,0,2,13,7,6,4,3,-0.11,-0.01,1.0049132803359988,-0.41800416794475465,-1.0513125728037633
Jourdan Lewis,28,DAL,CB,2023,4,0,1,1,0,10,7,3,1,0,-1.12,-0.06,-0.5305411389488451,-0.3363520717354995,-0.9787473434935405
Chad Muma,24,JAX,LB,2023,5,0,2,0,0,13,7,6,0,0,-1.2,-0.08,-0.7952746595151975,-0.09139578310773423,-1.0513125728037633
Greg Newsome II,23,CLE,CB,2023,3,0,2,0,0,12,7,5,1,0,-0.12,-0,-0.4422966320933943,0.34408206334162617,-0.37403709924168344
Yannick Ngakoue,28,CHI,DL,2023,5,0,0,0,2,11,7,4,3,4,-0.47,-0.03,0.8990198721094579,-0.7446125527817751,-1.16741693970012
Bilal Nichols,27,LVR,DT,2023,4,0,1,0,0,11,7,4,1,0,-1.05,-0.05,-0.5305411389488451,-0.3363520717354995,-0.9061821141833177
Dayo Odeyingbo,24,IND,DE,2023,5,0,2,2,1.5,13,7,6,1,4,-0.34,-0.02,0.3166061268634826,-0.09139578310773423,-1.0513125728037633
David Onyemata,31,ATL,DL,2023,5,0,3,0,1.5,18,7,11,3,6,0.39,0.02,0.9519665762227282,0.2352126017292861,-0.761051655562872
D.J. Reader,29,CIN,DT,2023,5,0,1,0,1,12,7,5,1,4,-0.72,-0.05,0.15776601452367114,-0.41800416794475465,-1.1093647562519418
Kobie Turner,24,LAR,NT,2023,5,0,0,0,1,13,7,6,0,2,-1.33,-0.08,-0.26580761838249267,-0.7446125527817751,-1.0513125728037633
Vita Vea,28,TAM,DL,2023,4,0,0,1,3.5,13,7,6,3,5,0.45,0.02,2.0506106865730906,-0.7446125527817751,-0.761051655562872
Jonah Williams,28,LAR,DE,2023,5,0,1,0,0,17,7,10,1,0,-1.1,-0.07,-0.5834878430621155,-0.41800416794475465,-0.8191038390110503
Leonard Williams,29,NYG,DL,2023,5,0,0,0,0.5,12,7,5,0,3,-1.44,-0.09,-0.3187543224957632,-0.7446125527817751,-1.1093647562519418
D.J. Wonnum,26,MIN,OLB,2023,5,0,1,0,1,19,7,12,1,4,-0.43,-0.03,0.15776601452367114,-0.41800416794475465,-0.7029994721146936
Riq Woolen,24,SEA,CB,2023,3,0,1,0,0,11,7,4,0,0,-0.8,-0.03,-0.7952746595151975,-0.20026524472007443,-0.47079073832198054
Darrell Baker,25,IND,CB,2023,3,0,1,0,0,7,6,1,0,0,-1.22,-0.05,-0.7952746595151975,-0.20026524472007443,-0.9545589337234663
Bobby Brown,23,LAR,NT,2023,5,0,0,0,0,13,6,7,1,0,-1.76,-0.11,-0.5834878430621155,-0.7446125527817751,-1.1093647562519418
Jordan Davis,23,PHI,DT,2023,5,0,0,1,1.5,14,6,8,2,3,-0.73,-0.05,0.4224995350900234,-0.7446125527817751,-1.0513125728037633
John Franklin-Myers,27,NYJ,DL,2023,5,0,0,0,1,12,6,6,2,7,-0.62,-0.04,0.6872330556563758,-0.7446125527817751,-1.16741693970012
Javon Hargrave,30,SFO,DL,2023,5,0,0,0,3,12,6,6,4,6,0,0,1.6402737296952445,-0.7446125527817751,-1.16741693970012
Shelby Harris,32,CLE,DT,2023,4,0,1,0,0.5,10,6,4,2,1,-0.69,-0.03,0.0651092823254478,-0.3363520717354995,-1.0513125728037633
Quinton Jefferson,30,NYJ,DL,2023,5,0,0,0,2.5,12,6,6,2,5,-0.43,-0.03,0.9519665762227282,-0.7446125527817751,-1.16741693970012
Cameron Jordan,34,NOR,DE,2023,5,0,2,0,1,15,6,9,0,4,-0.55,-0.04,-0.05402080192941083,-0.09139578310773423,-0.9932603893555851
Harold Landry,27,TEN,OLB,2023,5,0,0,0,1,12,6,6,1,2,-1.23,-0.08,-0.05402080192941083,-0.7446125527817751,-1.16741693970012
Boye Mafe,25,SEA,LB,2023,3,0,0,0,2,8,6,2,3,3,0.29,0.01,1.8520605461483266,-0.7446125527817751,-0.857805294643169
Ja'Quan McMillian,23,DEN,CB,2023,4,0,0,0,0,10,6,4,0,0,-1.99,-0.1,-0.7952746595151975,-0.7446125527817751,-1.0513125728037633
Ogbonnia Okoronkwo,28,CLE,DE,2023,4,0,0,0,2.5,10,6,4,5,4,0.3,0.01,2.0506106865730906,-0.7446125527817751,-1.0513125728037633
Jaelan Phillips,24,MIA,LB,2023,2,0,0,0,0.5,12,6,6,0,2,0.04,0,0.1312926624670359,-0.7446125527817751,0.3999920134006939
Roy Robertson-Harris,30,JAX,DL,2023,5,0,0,0,0,14,6,8,0,2,-1.68,-0.11,-0.5834878430621155,-0.7446125527817751,-1.0513125728037633
Shaq Thompson,29,CAR,LB,2023,2,0,0,0,0,8,6,2,0,0,-1.01,-0.03,-0.7952746595151975,-0.7446125527817751,-0.18052982108108906
Ar'Darius Washington,24,BAL,S,2023,2,0,2,0,1,11,6,5,1,2,1.21,0.03,1.0578599844492693,0.8884293714033269,0.25486155478024813
Marcus Williams,27,BAL,S,2023,2,0,1,0,0,9,6,3,0,0,-0.3,-0.01,-0.7952746595151975,0.07190840931077593,-0.03539936246064332
Milton Williams,24,PHI,DT,2023,5,0,0,0,0,12,6,6,0,2,-1.84,-0.12,-0.5834878430621155,-0.7446125527817751,-1.16741693970012
Eric Wilson,29,GNB,LB,2023,4,0,0,0,0,9,6,3,0,0,-2.11,-0.11,-0.7952746595151975,-0.7446125527817751,-1.1238778021139864
Xavier Woods,28,CAR,S,2023,3,0,2,0,0,11,6,5,0,0,-0.47,-0.02,-0.7952746595151975,0.34408206334162617,-0.5675443774022776
Devonte Wyatt,25,GNB,DL,2023,4,0,0,0,2.5,12,6,6,4,3,0.16,0.01,1.6535104057235623,-0.7446125527817751,-0.9061821141833177
Dorance Armstrong Jr.,26,DAL,DE,2023,5,0,0,0,2,11,5,6,3,2,-0.7,-0.04,0.6872330556563758,-0.7446125527817751,-1.2835213065964766
Keeanu Benton,22,PIT,DL,2023,5,0,0,1,1,13,5,8,1,2,-1.23,-0.08,-0.05402080192941083,-0.7446125527817751,-1.16741693970012
Leki Fotu,25,ARI,DT,2023,4,0,0,0,1,9,5,4,1,0,-1.34,-0.07,-0.1334408580993165,-0.7446125527817751,-1.1964430314242092
Justin Hollins,27,GNB,LB,2023,4,0,0,0,0,9,5,4,0,0,-2.25,-0.11,-0.7952746595151975,-0.7446125527817751,-1.1964430314242092
Sebastian Joseph-Day,28,LAC,DL,2023,4,0,0,0,1,12,5,7,2,4,-0.5,-0.03,0.6607597035997407,-0.7446125527817751,-0.9787473434935405
Avonte Maddox,27,PHI,CB,2023,2,0,2,1,0,8,5,3,1,0,0.32,0.01,-0.26580761838249267,0.8884293714033269,-0.32566027970153477
Derrick Nnadi,27,KAN,DT,2023,5,0,1,0,0,12,5,7,0,0,-1.76,-0.11,-0.7952746595151975,-0.41800416794475465,-1.2254691231482986
Jeff Okudah,24,ATL,CB,2023,3,0,0,0,0,9,5,4,0,0,-1.71,-0.06,-0.7952746595151975,-0.7446125527817751,-0.857805294643169
A'Shawn Robinson,28,NYG,DL,2023,5,0,0,0,0,12,5,7,1,0,-1.93,-0.12,-0.5834878430621155,-0.7446125527817751,-1.2254691231482986
Khalen Saunders,27,NOR,DT,2023,5,0,0,0,0,16,5,11,0,1,-1.75,-0.11,-0.6893812512886566,-0.7446125527817751,-0.9932603893555851
Dante Stills,24,ARI,DT,2023,4,0,0,0,1,10,5,5,2,1,-0.91,-0.05,0.2636594227502121,-0.7446125527817751,-1.1238778021139864
Kayvon Thibodeaux,23,NYG,OLB,2023,5,0,1,0,4,11,5,6,4,5,0.24,0.02,1.8520605461483266,-0.41800416794475465,-1.2835213065964766
Zeke Turner,27,ARI,LB,2023,5,0,0,0,0,13,5,8,0,0,-2.19,-0.14,-0.7952746595151975,-0.7446125527817751,-1.16741693970012
Montravius Adams,28,PIT,DT,2023,5,0,0,1,0,13,4,9,0,0,-2.32,-0.15,-0.7952746595151975,-0.7446125527817751,-1.2254691231482986
Kenny Clark,28,GNB,DL,2023,4,0,0,1,2,13,4,9,1,5,-0.32,-0.02,0.925493224166093,-0.7446125527817751,-0.9787473434935405
Nakobe Dean,23,PHI,LB,2023,1,0,0,0,0,7,4,3,0,0,-0.17,-0,-0.7952746595151975,-0.7446125527817751,0.9805138478824769
Bud Dupree,30,ATL,OLB,2023,5,0,2,0,0.5,12,4,8,0,2,-1.08,-0.07,-0.42464773072230416,-0.09139578310773423,-1.2835213065964766
Randy Gregory,31,DEN,OLB,2023,4,0,1,0,1,9,4,5,2,2,-0.6,-0.03,0.39602618303338827,-0.3363520717354995,-1.269008260734432
Johnathan Hankins,31,DAL,DT,2023,5,0,2,0,0,11,4,7,0,0,-1.5,-0.1,-0.7952746595151975,-0.09139578310773423,-1.341573490044655
Marlon Humphrey,27,BAL,CB,2023,1,0,0,0,0,4,4,0,0,0,-0.77,-0.01,-0.7952746595151975,-0.7446125527817751,0.10973109615980242
Maurice Hurst Jr.,28,CLE,DT,2023,4,0,2,0,0.5,10,4,6,1,2,-0.59,-0.03,-0.0672574779577284,0.07190840931077593,-1.1964430314242092
Dre'Mont Jones,26,SEA,DE,2023,4,0,0,0,1,10,4,6,2,1,-0.97,-0.05,0.2636594227502121,-0.7446125527817751,-1.1964430314242092
Marcus Jones,25,NWE,DB,2023,2,0,0,0,0,5,4,1,0,0,-1.77,-0.04,-0.7952746595151975,-0.7446125527817751,-0.9061821141833177
Michael Pierce,31,BAL,NT,2023,5,0,0,0,0,12,4,8,0,0,-2.46,-0.16,-0.7952746595151975,-0.7446125527817751,-1.2835213065964766
Tedarrell Slaton,26,GNB,DL,2023,4,0,1,0,0,11,4,7,0,1,-1.39,-0.07,-0.6629078992320213,-0.3363520717354995,-1.1238778021139864
Ben Stille,26,ARI,DL,2023,2,0,0,0,0,5,4,1,0,0,-1.77,-0.04,-0.7952746595151975,-0.7446125527817751,-0.9061821141833177
Carlos Watkins,30,ARI,DT,2023,2,0,1,0,1,7,4,3,1,1,0.29,0.01,0.7931264638829169,0.07190840931077593,-0.6159211969424262
Nick Williams,33,LAC,DL,2023,4,0,0,0,0,9,4,5,2,0,-1.56,-0.08,-0.26580761838249267,-0.7446125527817751,-1.269008260734432
Johnathan Abram,27,NOR,S,2023,3,0,0,0,0,8,3,5,0,0,-2.16,-0.08,-0.7952746595151975,-0.7446125527817751,-1.1480662118840606
Budda Baker,27,ARI,S,2023,1,0,0,0,0,5,3,2,0,0,-0.77,-0.01,-0.7952746595151975,-0.7446125527817751,0.10973109615980242
Fletcher Cox,33,PHI,DT,2023,4,0,0,0,0.5,10,3,7,0,7,-0.98,-0.05,0.3298428028918002,-0.7446125527817751,-1.269008260734432
Marcus Davenport,27,MIN,OLB,2023,3,0,0,0,2,8,3,5,2,4,0.03,0,1.6755715324374252,-0.7446125527817751,-1.1480662118840606
Khalil Davis,27,HOU,DT,2023,3,0,1,1,0,8,3,5,0,1,-1.23,-0.05,-0.618785645804296,-0.20026524472007443,-1.1480662118840606
Davon Godchaux,29,NWE,DL,2023,5,0,0,0,0,11,3,8,0,0,-3.09,-0.2,-0.7952746595151975,-0.7446125527817751,-1.3996256734928332
Zach Harrison,22,ATL,DL,2023,5,0,0,0,0,12,3,9,0,0,-2.65,-0.17,-0.7952746595151975,-0.7446125527817751,-1.341573490044655
Jaleel Johnson,29,TEN,DT,2023,2,0,0,0,0,5,3,2,0,0,-1.99,-0.05,-0.7952746595151975,-0.7446125527817751,-1.0513125728037633
Deion Jones,29,CAR,LB,2023,1,1,1,0,0,4,3,1,0,0,2.19,0.03,-0.7952746595151975,5.787555143958633,-0.18052982108108906
Jonathan Jones,30,NWE,DB,2023,2,0,1,0,0,5,3,2,0,0,-1.05,-0.03,-0.7952746595151975,0.07190840931077593,-1.0513125728037633
Josh Paschal,24,DET,DL,2023,1,0,0,0,0,3,3,0,1,0,-0.42,-0.01,0.2636594227502121,-0.7446125527817751,-0.47079073832198054
Malcolm Roach,25,NOR,DL,2023,5,0,1,0,0,15,3,12,2,1,-1.12,-0.07,-0.26580761838249267,-0.41800416794475465,-1.16741693970012
Shy Tuttle,28,CAR,DT,2023,5,0,1,0,0.5,13,3,10,0,1,-1.51,-0.1,-0.5305411389488451,-0.41800416794475465,-1.2835213065964766
Josh Woods,27,ARI,LB,2023,2,0,1,0,0,6,3,3,0,0,-0.93,-0.02,-0.7952746595151975,0.07190840931077593,-0.9061821141833177
Khalil Dorsey,25,DET,CB,2023,1,0,0,0,0,3,2,1,0,0,-1.59,-0.02,-0.7952746595151975,-0.7446125527817751,-0.761051655562872
Mike Morris,22,SEA,DE,2023,1,0,0,0,0,3,2,1,0,0,-1.59,-0.02,-0.7952746595151975,-0.7446125527817751,-0.761051655562872
